{
  "accuracy": 0.9866666666666667,
  "macro_avg": {
    "f1": 0.9866518353726363,
    "recall": 0.9866666666666667,
    "precision": 0.9875
  },
  "weighted_avg": {
    "f1": 0.9866518353726363,
    "recall": 0.9866666666666667,
    "precision": 0.9875
  },
  "per_class": {
    "Cordia_boissieri": {
      "f1": 1.0,
      "recall": 1.0,
      "precision": 1.0,
      "support": 15.0
    },
    "Quercus_virginiana": {
      "f1": 1.0,
      "recall": 1.0,
      "precision": 1.0,
      "support": 15.0
    },
    "especie_01": {
      "f1": 1.0,
      "recall": 1.0,
      "precision": 1.0,
      "support": 15.0
    },
    "especie_02": {
      "f1": 0.9655172413793104,
      "recall": 0.9333333333333333,
      "precision": 1.0,
      "support": 15.0
    },
    "especie_03": {
      "f1": 0.967741935483871,
      "recall": 1.0,
      "precision": 0.9375,
      "support": 15.0
    }
  }
}